episode;season;episode_no;title
s01e02;s01;2;Diversity Day
s01e05;s01;5;Basketball
s02e03;s02;3;Office Olympics
s02e06;s02;6;The Fight
s02e10;s02;10;Christmas Party
s03e05;s03;5;Initiation
s03e15;s03;15;Phyllis' Wedding
s03e19;s03;19;Safety Training
s04e09;s04;9;Dinner Party
s05e03;s05;3;Baby Shower
s05e10;s05;10;Moroccan Christmas
s05e17;s05;17;Golden Ticket
s06e05;s06;5;Mafia
s06e09;s06;9;Murder
s07e06;s07;6;Costume Contest
s07e14;s07;14;The Search
s07e23;s07;23;Dwight K. Schrute, (Acting) Manager
s08e04;s08;4;Garden Party
s08e12;s08;12;Pool Party
s08e24;s08;24;Free Family Portrait Studio
s09e02;s09;2;Roy's Wedding
s09e04;s09;4;Work Bus
s09e10;s09;10;Lice
s09e14;s09;14;Vandalism
